Workbook

Sheet Export
A1: model | B1: sku | C1: price | D1: description | E1: notes
A2: 18W040SH | B2: 18W040SH_u1 | C2: =VLOOKUP(A2,References!$C:$D,2,0) -> 231.9598
A3: 14G020SH | B3: 14G020SH | C3: =VLOOKUP(A3,References!$C:$D,2,0) -> 191.53527
A4: 10W040SH | B4: 10W040SH | C4: =VLOOKUP(A4,References!$C:$D,2,0) -> 144.25
A5: 18Y012SH | B5: 18Y012SH | C5: =VLOOKUP(A5,References!$C:$D,2,0) -> 231.9598
A6: 18W060SH | B6: 18W060SH_u1 | C6: =VLOOKUP(A6,References!$C:$D,2,0) -> 231.9598
A7: 18W040SH | B7: 18W040SH | C7: =VLOOKUP(A7,References!$C:$D,2,0) -> 231.9598
A8: 18Y2.5MMSH | B8: 18Y2.5MMSH | C8: =VLOOKUP(A8,References!$C:$D,2,0) -> 231.9598
A9: 18Y3MMSH | B9: 18Y3MMSH | C9: =VLOOKUP(A9,References!$C:$D,2,0) -> 231.9598
A10: BRASS030SH | B10: BRASS030SH | C10: =VLOOKUP(A10,References!$C:$D,2,0) -> 2
A11: FS050SH | B11: FS050SH | C11: =VLOOKUP(A11,References!$C:$D,2,0) -> 106.69782
A12: 14Y050SH | B12: 14Y050SH_u1 | C12: =VLOOKUP(A12,References!$C:$D,2,0) -> 188.40816
A13: 18Y008SH | B13: 18Y008SH | C13: =VLOOKUP(A13,References!$C:$D,2,0) -> 231.9598
... A1682: 18Y025RSW | B1682: 18Y025RSW_u1 | C1682: =VLOOKUP(A1682,References!$C:$D,2,0) -> 231.9598
A1683: SECS | B1683: SECS | C1683: =Prices!$D$98 -> 100.695
A1684: SHCS | B1684: SHCS | C1684: =Prices!$D$98 -> 100.695
A1685: SMCS | B1685: SMCS | C1685: =Prices!$D$98 -> 100.695
A1686: SSITPRS | B1686: SSITPRS | C1686: =Prices!$D$99 -> 102.065
A1687: SS56PS | B1687: SS56PS | C1687: =Prices!$D$99 -> 102.065
A1688: SS65PRS | B1688: SS65PRS | C1688: =Prices!$D$99 -> 102.065
A1689: SS65PS | B1689: SS65PS | C1689: =Prices!$D$99 -> 102.065
A1690: SS70PRS | B1690: SS70PRS | C1690: =Prices!$D$99 -> 102.065
A1691: SS70PS | B1691: SS70PS | C1691: =Prices!$D$99 -> 102.065
A1692: SS75PRS | B1692: SS75PRS | C1692: =Prices!$D$99 -> 102.065
A1693: SS75PS | B1693: SS75PS | C1693: =Prices!$D$99 -> 102.065
A1694: SSITPS | B1694: SSITPS | C1694: =Prices!$D$99 -> 102.065
A1695: SEPS | B1695: SEPS | C1695: =Prices!$D$99 -> 102.065
A1696: SHPS | B1696: SHPS | C1696: =Prices!$D$99 -> 102.065
A1697: SITPS | B1697: SITPS | C1697: =Prices!$D$99 -> 102.065
A1698: SXESS | B1698: SXESS | C1698: =Prices!$D$97 -> 99.325
A1699: SESS | B1699: SESS | C1699: =Prices!$D$97 -> 99.325
A1700: SESS | B1700: SESS_u1 | C1700: =Prices!$D$97 -> 99.325
A1701: SHSS | B1701: SHSS | C1701: =Prices!$D$97 -> 99.325
A1702: SMSS | B1702: SMSS | C1702: =Prices!$D$97 -> 99.325
A1703: SITSS | B1703: SITSS | C1703: =Prices!$D$97 -> 99.325
A1704: SS045SW | B1704: SS045SW | C1704: =Prices!$D$97 -> 99.325
A1705: SXEWS | B1705: SXEWS | C1705: =Prices!$D$97 -> 99.325
A1706: SEWS | B1706: SEWS | C1706: =Prices!$D$97 -> 99.325
A1707: SEWS | B1707: SEWS_u1 | C1707: =Prices!$D$97 -> 99.325
A1708: SHWS | B1708: SHWS | C1708: =Prices!$D$97 -> 99.325
A1709: SMWS | B1709: SMWS | C1709: =Prices!$D$97 -> 99.325
A1710: SMWS | B1710: SMWS_u1 | C1710: =Prices!$D$97 -> 99.325
A1711: SS080PTW | B1711: 4Z8UYW90 | C1711: =Prices!D110 -> 95.938375
A1712: 18W040SH | B1712: 14P0JKR4 | C1712: =VLOOKUP(A1712,$A$1:$C$1710,3,0) -> 231.9598
A1713: 10Y050RSW | B1713: J3LTRD8F | C1713: =VLOOKUP(A1713,$A$1:$C$1710,3,0) -> 144.25
A1714: 18Y080RSW | B1714: H746P9F3 | C1714: =VLOOKUP(A1714,$A$1:$C$1710,3,0) -> 231.9598
A1715: 18Y040RSW | B1715: NFQK54R7 | C1715: =VLOOKUP(A1715,$A$1:$C$1710,3,0) -> 231.9598
A1716: COPPER060SH | B1716: AFEMU8NH | C1716: =C1717 -> 3
A1717: COPPER040SH | B1717: V0C5LNP4 | C1717: =VLOOKUP(A1717,$A$1:$C$1710,3,0) -> 3
A1718: COPPER030SH | B1718: 0TWU9HYV | C1718: =VLOOKUP(A1718,$A$1:$C$1710,3,0) -> 3
A1719: 14Y040PTW | B1719: YA9P5KMR | C1719: =VLOOKUP(A1719,$A$1:$C$1710,3,0) -> 190.7438
A1720: COPPER050SH | B1720: TVYCEH1R | C1720: =C1718 -> 3
A1721: 18Y4MMTKTU | B1721: 4WK9WZNV | C1721: =VLOOKUP(A1721,$A$1:$C$1710,3,0) -> 246.84492
A1722: 10Y030PTW | B1722: P3PYXVVA | C1722: =VLOOKUP(A1722,$A$1:$C$1710,3,0) -> 144.25
A1723: 18Y040RSW | B1723: F0W7HL81 | C1723: =VLOOKUP(A1723,$A$1:$C$1710,3,0) -> 231.9598
A1724: PT008RSW | B1724: 7RQLZ475 | C1724: =VLOOKUP(A1724,$A$1:$C$1710,3,0) -> 135.7554
A1725: GF025RSW | B1725: 2N4A8L2Q | C1725: =VLOOKUP(A1725,$A$1:$C$1710,3,0) -> 217.73585
A1726: PT010RSW | B1726: 4F6RQLH0 | C1726: =VLOOKUP(A1726,$A$1:$C$1710,3,0) -> 135.7554
A1727: SS2.5HRW | B1727: Y0V926EZ | C1727: =VLOOKUP(A1727,$A$1:$C$1710,3,0) -> 97.938375
A1728: 14WP040SH | B1728: 2MY53337 | C1728: =VLOOKUP(A1728,$A$1:$C$1710,3,0) -> 191.40816
A1729: 14P040SH | B1729: Y022MCT9 | C1729: =VLOOKUP(A1729,$A$1:$C$1710,3,0) -> 191.53527
A1730: 18Y040SH | B1730: C7T1P9TP | C1730: =VLOOKUP(A1730,$A$1:$C$1710,3,0) -> 231.9598
A1731: 10Y025PTW | B1731: T1QUC7K0 | C1731: =VLOOKUP(A1731,$A$1:$C$1710,3,0) -> 144.25
A1732: FS020SH | B1732: AWL18X6N | C1732: =VLOOKUP(A1732,$A$1:$C$1710,3,0) -> 106.69782
... A1740: 18Y040RSW | B1740: 7QN4TDE4 | C1740: =VLOOKUP(A1740,$A$1:$C$1710,3,0) -> 231.9598

Sheet Prices
E1: MYRON TOBACK INC.
A4: GOLD MARKET | D4: 4616 | G4: GOLD SCRAP | J4: =D4/L4 -> 8.3927273 | K4: per dwt | L4: 550
A5: SILVER MARKET | D5: 68.5 | G5: SILVER SCRAP | J5: =D5/L5 -> 42.02454 | K5: per oz | L5: 1.63
A6: PLATINUM MARKET | D6: 1887
A7: PALLADIUM MARKET | D7: 1375 | L7: PLAT | M7: FINE
G8: PLATINUM WIRE & SHEET | J8: =D6/L8 -> 135.7554 | K8: per dwt | L8: =556/40 -> 13.9 | M8: =319.7/371 -> 0.86172507
A9: FINE GOLD PER OZ | D9: =D4*102% -> 4708.32 | G9: 5 dwt's or more of Platinum | J9: =D6/L9 -> 126.6443 | K9: per dwt | L9: 14.9 | M9: 16.52196
B10: < THAN 1 OZ | D10: =(D4+40)/20 -> 232.8 | G10: PALLADIUM WIRE & SHEET | J10: =D7/L11 -> 90.234375 | K10: per dwt | L10: =556/36 -> 15.444444 | M10: <= PALLADIUM
E11: . | L11: =320/21 -> 15.238095
J12: DWT | K12: GRAM
B13: 14K Rd Wire & Sheet | J13: =D4/L13 -> 188.40816 | K13: =J13/1.55517 -> 121.14956 | L13: 24.5
B15: 14K Sq, 1/2Rd, Tri, Disc | J15: =D4/L15 -> 190.7438 | K15: =J15/1.555517 -> 122.62405 | L15: 24.2
B17: 14K Pin Tong, Spring Sheet, Reg Bezel | J17: =D4/L17 -> 190.7438 | K17: =J17/1.55517 -> 122.65142 | L17: 24.2
B19: 14K Pink & Green Round Wire | J19: =D4/L19 -> 191.53527 | K19: =J19/1.55517 -> 123.16034 | L19: 24.1
B21: 14K Pink & Green 1/2 Rd | J21: =D4/L21 -> 192.33333 | K21: =J21/1.55517 -> 123.67351 | L21: 24
B23: 14K Channel Wire | J23: =D4/L23 -> 196.42553 | K23: =J23/1.55517 -> 126.30486 | L23: 23.5
B25: 14K Tubing, Seated Bezel Wire | J25: =D4/L25 -> 209.81818 | K25: =J25/1.55517 -> 134.91656 | L25: 22
B27: 14K Coiled Tubing | J27: =D4/L27 -> 242.94737 | K27: =J27/1.55517 -> 156.21917 | L27: 19
B29: 14K Twisted Coil Tubing | J29: =D4/L29 -> 256.44444 | K29: =J29/1.55517 -> 164.89801 | L29: 18
B33: 18K Rd Wire & Sheet | J33: =D4/L33 -> 231.9598 | K33: =J33/1.55517 -> 149.15398 | L33: 19.9
B35: 18K 1/2 Rd, Sq Wire & Spring Sheet | J35: =D4/L35 -> 233.13131 | K35: =J35/1.55517 -> 149.90729 | L35: 19.8
B37: 18K Channel Wire | J37: =D4/L37 -> 234.31472 | K37: =J37/1.55517 -> 150.66824 | L37: 19.7
B39: 18K Tubing | J39: =D4/L39 -> 246.84492 | K39: =J39/1.55517 -> 158.72536 | L39: 18.7
B43: 22K Rd Wire | J43: =D4/L43 -> 260.79096 | K43: =J43/1.55517 -> 167.6929 | L43: 17.7
B45: 24K Cloisonne Wire | J45: =D4/L45 -> 307.73333 | K45: =J45/1.55517 -> 197.87762 | L45: 15
B50: 14K DISCOUNT PRICE | E50: GRAM | H50: 18K DISCOUNT PRICE | K50: GRAM | L50: 14 | M50: 18
B51: 1-5 DWT | D51: =D4/L51 -> 184.64 | E51: =D51/1.55517 -> 118.72657 | H51: 1-5 DWT | J51: =D4/M51 -> 230.8 | K51: =J51/1.55517 -> 148.40821 | L51: 25 | M51: 20
B52: 6-10 DWT | D52: =D4/L52 -> 177.53846 | E52: =D52/1.55517 -> 114.16016 | H52: 6-10 DWT | J52: =D4/M52 -> 225.17073 | K52: =J52/1.55517 -> 144.7885 | L52: 26 | M52: 20.5
B53: 11-25 DWT | D53: =D4/L53 -> 174.18868 | E53: =D53/1.55517 -> 112.0062 | H53: 11-25 DWT | J53: =D4/M53 -> 219.80952 | K53: =J53/1.55517 -> 141.34115 | L53: 26.5 | M53: 21
B54: 25 + DWT | D54: =D4/L54 -> 170.96296 | E54: =D54/1.55517 -> 109.93201 | F54: cash only | J54: =D4/M54 -> 209.81818 | K54: =J54/1.55517 -> 134.91656 | L54: 27 | M54: 22
B56: 10K DISCOUNT PRICE | H56: 22K DISCOUNT PRICE | L56: 10 | M56: 22
B57: 1-5 DWT | D57: =D4/L57 -> 144.25 | E57: =D57/1.77717 -> 81.168374 | H57: 1-5 DWT | J57: =D4/M57 -> 260.79096 | K57: =J57/1.55517 -> 167.6929 | L57: 32 | M57: 17.7
B58: 6-10 DWT | D58: =D4/L58 -> 142.03077 | E58: =D58/1.55517 -> 91.328131 | H58: 6-10 DWT | J58: =D4/M58 -> 256.44444 | K58: =J58/1.55517 -> 164.89801 | L58: 32.5 | M58: 18
B59: 11-25 DWT | D59: =D4/L59 -> 130.95035 | E59: =D59/1.55517 -> 84.203241 | H59: 11-25 DWT | J59: =D4/M59 -> 242.94737 | K59: =J59/1.55517 -> 156.21917 | L59: 35.25 | M59: 19
B60: 25 + DWT | D60: =D4/L60 -> 128.22222 | E60: =D60/1.55517 -> 82.449007 | F60: CASH ONLY | J60: =D4/M60 -> 236.71795 | K60: =J60/1.55517 -> 152.21355 | L60: 36 | M60: 19.5
B63: GOLD MARKET | C63: =D4 -> 4616 | F63: GOLD FILLED SCRAP | G63: =C63/H63 -> 76.933333 | H63: 60
B64: SILVER MARKET | C64: =D5 -> 68.5 | F64: SILVER SCRAP | G64: =C64/H64 -> 42.02454 | H64: 1.63
B68: S/S SHEET & WIRE | F68: FINE SILVER SHEET & WIRE | M68: G/F SHEET & WIRE | N68: =D4/P68 -> 220.97861 | O68: 0.52 | P68: 20.8889
B69: 1-9 OZ | D69: =D5/H69 -> 95.938375 | F69: 1----9 OZ | G69: =D5/I69 -> 106.69782 | H69: 0.714 | I69: 0.642 | M69: OVER 5OZS | N69: =D4/P69 -> 205.83802 | O69: 0.54 | P69: 22.4254
B70: 10-49 OZ | D70: =C64/H70 -> 95.006935 | F70: 10---49 OZ | G70: =C64/I70 -> 105.87326 | H70: 0.721 | I70: 0.647
B71: 50-99 OZ | D71: =C64/H71 -> 93.579235 | F71: 50--99 OZ | G71: =C64/I71 -> 103.16265 | H71: 0.732 | I71: 0.664
B72: 100 & UP | D72: =C64/H72 -> 89.659686 | F72: 100 & UP | G72: =C64/I72 -> 97.717546 | H72: 0.764 | I72: 0.701
B74: ARGENTIUM SILVER | D74: ADD $2.00 MORE PER OUNCE | K74: =1-(D70/D69) -> 0.0097087379
B77: GOLD MARKET | C77: =D4 -> 4616 | F77: GOLD FILLED SCRAP | G77: =C77/H77 -> 76.933333 | H77: 60
B78: SILVER MARKET | C78: =D5 -> 68.5 | F78: SILVER SCRAP | G78: =C78/H78 -> 42.02454 | H78: 1.63
B81: S/S FANCY STOCK | D81: =C78/H81 -> 131.73077 | F81: G/F SHEET & WIRE | G81: =C77/I81 -> 217.73585 | H81: 0.52 | I81: 21.2
B82: S/S SEATED BEZEL | D82: =C78/H82 -> 126.85185 | F82: OVER 5OZS | G82: =C77/I82 -> 211.74312 | H82: 0.54 | I82: 21.8
B83: S/S BEADED WIRE | D83: =C78/H83 -> 129.24528 | F83: TUBING | G83: =C77/I83 -> 233.72152 | H83: 0.53 | I83: 19.75
B84: S/S TUBING | D84: =C78/H84 -> 131.73077 | F84: SQUARE | G84: =C77/I84 -> 231.20924 | H84: 0.52 | I84: 19.9646
B85: S/S TUBING COILED | D85: =C78/H85 -> 159.30233 | F85: 1/2 ROUND | G85: =C77/I85 -> 231.20924 | H85: 0.43 | I85: 19.9646
B86: S/S CHANNEL WIRE | D86: =C78/H86 -> 131.73077 | H86: 0.52
B87: S/S TWISTED SOLID | D87: =C78/H87 -> 195.71429 | H87: 0.35
B88: S/S TWISTED TUBING | D88: =C78/H88 -> 201.47059 | H88: 0.34
F90: S/S CASTING GRAIN
B91: S/S DISCS & WASHERS | D91: =C78/H91 -> 118.10345 | F91: 1-15 OZ | G91: =C78/I91 -> 83.181542 | H91: 0.58 | I91: 0.8235
B92: LABOR 1-5PC | D92: 2 | F92: 16-50 OZ | G92: =C78/I92 -> 81.209247 | I92: 0.8435
B93: LABOR 6-100 | D93: 1.5 | F93: 50 & UP | G93: =C78/I93 -> 76.331625 | I93: 0.8974
B96: SILVER SOLDER | F96: F/S CASTING GRAIN
B97: SHEET & WIRE | D97: =$D$5*J97 -> 99.325 | F97: 1-15 OZ | G97: =C78/I97 -> 87.820513 | H97: 0.535 | I97: 0.78 | J97: 1.45
B98: CHOPPED SOLDER | D98: =$D$5*J98 -> 100.695 | F98: 16--50 OZ | G98: =C78/I98 -> 83.833068 | H98: 0.535 | I98: 0.8171 | J98: 1.47
B99: POWDER SOLDER | D99: =$D$5*J99 -> 102.065 | F99: 1 KILO 8% OVER | G99: =C78*108% -> 73.98 | H99: 0.235 | I99: 0.235 | J99: 1.49
B100: PASTE SOLDER | D100: =$D$5*J100 -> 82.2 | J100: 1.2
B101: 1 PC SHEET | D101: =D97/4 -> 24.83125
F102: F/S CLOISONNE | G102: =C78/I102 -> 114.16667 | I102: 0.6
B103: S/S SQUARE, TRI, 1/2RD & FLAT
B104: 1-9 OZ | D104: =D110+2 -> 97.938375 | F104: F/S BEZEL WIRE | G104: =C78/I104 -> 114.16667 | H104: 0.6 | I104: 0.6
B105: 10-49 OZ | D105: =D111+2 -> 97.006935 | H105: 0.62
B106: 50-99 OZ | D106: =D112+2 -> 95.579235 | F106: COPPER | G106: 3 | H106: 0.65
B107: 100& UP | D107: =D113+2 -> 91.659686 | F107: BRASS | G107: 2 | H107: 0.685
B109: S/S SHEET & WIRE | F109: FINE SILVER SHEET & WIRE
B110: 1-9 OZ | D110: =C78/H110 -> 95.938375 | F110: 1----9 OZ | G110: =C78/I110 -> 106.69782 | H110: 0.714 | I110: 0.642
B111: 10-49 OZ | D111: =C78/H111 -> 95.006935 | F111: 10---49 OZ | G111: =C78/I111 -> 105.87326 | H111: 0.721 | I111: 0.647
B112: 50-99 OZ | D112: =C78/H112 -> 93.579235 | F112: 50--99 OZ | G112: =C78/I112 -> 103.16265 | H112: 0.732 | I112: 0.664
B113: 100 & UP | D113: =C78/H113 -> 89.659686 | F113: 100 & UP | G113: =C78/I113 -> 97.717546 | H113: 0.764 | I113: 0.701
B115: ARGENTIUM SILVER | D115: ADD $2.00 MORE PER OUNCE

Sheet References
A1: brand | B1: description | C1: model | D1: price | F1: qty | G1: model_barcode | H1: shelf | I1: sku | J1: tracking0 | K1: fallback_model_attachments
A2: LEACH GARNER-STERN METALS | B2: 14KW 030 ROUND SOFT WIRE - PALLADIUM | C2: 14KWPD030RSW | D2: =Prices!$J$13+3 -> 191.40816 | F2: 11.53 | G2: XCXLQZQA | H2: Vault | I2: 14KWPD030RSW | J2: WIRE
A3: LEACH GARNER-STERN METALS | B3: 14KW PALLADIUM 040 ROUND SOFT WIRE | C3: 14KWPD040RSW | D3: =Prices!$J$13+3 -> 191.40816 | F3: 136.62 | G3: W5AYKLN2 | H3: Vault | I3: 14KWPD040RSW | J3: WIRE
A4: LEACH GARNER-STERN METALS | B4: 14KY 045 CHANNEL WIRE--PATTERN #4409 | C4: 14KY045CW | D4: =Prices!$J$23 -> 196.42553 | F4: 50.41 | G4: X1DRU2ER | H4: Vault | I4: 14KY045CW | J4: WIRE | K4: 18P038CW_161121-195007.jpg
A5: LEACH GARNER-STERN METALS | B5: 14KP 038 CHANNEL WIRE -PATTERN #3257 | C5: 14P038CW | D5: =Prices!$J$23 -> 196.42553 | F5: 0.51 | G5: 204F8EEP | H5: Vault | I5: 14P038CW | J5: WIRE | K5: 18P038CW.jpg
A6: LEACH GARNER-STERN METALS | B6: 14KP .045 CHANNEL WIRE -PATTERN#4409 | C6: 14P045CW | D6: =Prices!$J$23 -> 196.42553 | F6: 6.68 | G6: AN2LKHDJ | H6: Vault | I6: 14P045CW | J6: WIRE | K6: 18P038CW.jpg
A7: LEACH GARNER-STERN METALS | B7: 14KP .060 CHANNEL WIRE | C7: 14P060CW | D7: =Prices!$J$23 -> 196.42553 | F7: 2.19 | G7: CKV7K742 | H7: Vault | I7: 14P060CW | J7: WIRE
A8: LEACH GARNER-STERN METALS | B8: 14KP .086 CHANNEL WIRE -PATTERN#4414 | C8: 14P086CW | D8: =Prices!$J$23 -> 196.42553 | F8: 37.67 | G8: DAEM6VYM | H8: Vault | I8: 14P086CW | J8: WIRE | K8: 14Y086CW.jpg
A9: HOOVER & STRONG | B9: 14KP 1.7MM X .5MM FLAT WIRE | C9: 14P1.7FLW | D9: =Prices!$J$21 -> 192.33333 | F9: 12.82 | G9: A9J4J4U4 | H9: Vault | I9: 14P1.7FLW | J9: WIRE | K9: 14P1.7FLW.jpg
A10: HOOVER & STRONG | B10: 14KP 11MM X 1.25MM FLAT SHEET | C10: 14P11X1.25FW | D10: =Prices!$J$21 -> 192.33333 | F10: 0 | G10: EA5V4TJE | I10: 14P11X1.25FW | J10: SHEET
A11: HOOVER & STRONG | B11: 14KP 152MM X 18MM FLAT SHEET | C11: 14P152X18X050FW | D11: =Prices!$J$21 -> 192.33333 | F11: 0 | G11: N9Q92ZMT | I11: 14P152X18X050FW | J11: SHEET
A12: HOOVER & STRONG | B12: 14KP 2.5MM X 1.75MM FLAT WIRE | C12: 14P2.5X1.75FW | D12: =Prices!$J$21 -> 192.33333 | F12: 11.26 | G12: RA2E6D6N | H12: Vault | I12: 14P2.5X1.75FW | J12: WIRE
A13: HOOVER & STRONG | B13: 14KP 2MM X 1MM FLAT WIRE | C13: 14P2X1FW | D13: =Prices!$J$21 -> 192.33333 | F13: 32.85 | G13: QCN6AC88 | H13: Vault | I13: 14P2X1FW | J13: WIRE
A14: HOOVER & STRONG | B14: 14KP 3.5MM X 1MM FLAT WIRE | C14: 14P3.5FW | D14: =Prices!$J$21 -> 192.33333 | F14: 35.13 | G14: 10CTEA2K | H14: Vault | I14: 14P3.5FW | J14: WIRE | K14: 5MMBZW.jpg
A15: HOOVER & STRONG | B15: 14KP 3MM X 1MM FLAT WIRE | C15: 14P3X1FW | D15: =Prices!$J$21 -> 192.33333 | F15: 42.82 | G15: KTPEUYX5 | H15: Vault | I15: 14P3X1FW | J15: WIRE | K15: 14W2.0FW.jpg
A16: HOOVER & STRONG | B16: 14KP 4MM ROUND WIRE | C16: 14P4.0RW | D16: =Prices!$J$21 -> 192.33333 | F16: 26.11 | G16: HX5HXM9A | H16: Vault | I16: 14P4.0RW | J16: WIRE | K16: 18P160RSW_161223-150009.jpg
A17: HOOVER & STRONG | B17: 14KP 4MM X 1MM FLAT WIRE | C17: 14P4x1FW | D17: =Prices!$J$21 -> 192.33333 | F17: 15.84 | G17: 4MVTW2Z1 | H17: Vault | I17: 14P4x1FW | J17: WIRE | K17: 18W2.0FW.jpg
A18: HOOVER & STRONG | B18: 14KT PINK GOLD 6X1.25 FLAT WIRE | C18: 14P6X1.25FW | D18: =Prices!$J$21 -> 192.33333 | F18: 11.49 | G18: 65UC3EK7 | H18: Vault | I18: 14P6X1.25FW | J18: WIRE
A19: HOOVER & STRONG | B19: 14KP 6MM X 2MM FLAT WIRE | C19: 14P6x2FW | D19: =Prices!$J$21 -> 192.33333 | F19: 15.88 | G19: 1L9FVJC5 | H19: Vault | I19: 14P6x2FW | J19: WIRE | K19: 18W2.0FW.jpg
A20: HOOVER & STRONG | B20: 14KP 9MM X 1.25MM FLAT WIRE | C20: 14P9X1.25FW | D20: =Prices!$J$21 -> 192.33333 | F20: 28.9 | G20: WUDDVZ85 | H20: Vault | I20: 14P9X1.25FW | J20: WIRE
A21: HOOVER & STRONG | B21: 14KW .5 X .025 FLAT WIRE | C21: 14W.5X.025FW | D21: =Prices!$J$15 -> 190.7438 | F21: 83.01 | G21: 7VDAFP43 | H21: Vault | I21: 14W.5X.025FW | J21: WIRE
A22: HOOVER & STRONG | B22: 14KW .625 X .040 FLAT WIRE | C22: 14W.625X.040FW | D22: =Prices!$J$15 -> 190.7438 | F22: 26.7 | G22: N0NMCU74 | H22: Vault | I22: 14W.625X.040FW | J22: WIRE
A23: ALRUE Do All | B23: 14KW .025 NICKLE FREE SOFT ROUND WIRE | C23: 14W025NCFRW | D23: =Prices!$J$15 -> 190.7438 | F23: 4.56 | G23: FHDY31VX | H23: Vault | I23: 14W025NCFRW | J23: WIRE | K23: 14W025RHW_170515-135120_170515-135500.jpg
A24: LEACH GARNER-STERN METALS | B24: 14KW .038 CHANNEL WIRE -PATTERN#3257 | C24: 14W038CW | D24: =Prices!$J$23 -> 196.42553 | F24: 110.11 | G24: VJAVPEZD | H24: Vault | I24: 14W038CW | J24: WIRE | K24: 14W038CW_190501-134105.jpg
A25: LEACH GARNER-STERN METALS | B25: 14KW 045 CHANNEL WIRE--PATTERN #4409 | C25: 14W045CW | D25: =Prices!$J$23 -> 196.42553 | F25: 40.65 | G25: 939KJAZ4 | H25: Vault | I25: 14W045CW | J25: WIRE | K25: 18P038CW.jpg
A26: LEACH GARNER-STERN METALS | B26: 14KW .052 CHANNEL WIRE | C26: 14W052CW | D26: =Prices!$J$23 -> 196.42553 | F26: 0 | G26: MXH9TDF8 | I26: 14W052CW | J26: WIRE | K26: 14W052CW.jpg
A27: LEACH GARNER-STERN METALS | B27: 14KW .060 CHANNEL WIRE | C27: 14W060CW | D27: =Prices!$J$23 -> 196.42553 | F27: 127.61 | G27: 2L54VWWY | H27: Vault | I27: 14W060CW | J27: WIRE | K27: 14W060CW_180227-162837.jpg
A28: LEACH GARNER-STERN METALS | B28: 14KW .086 CHANNEL WIRE | C28: 14W086CW | D28: =Prices!$J$23 -> 196.42553 | F28: 47.32 | G28: PVRXDRKN | H28: Vault | I28: 14W086CW | J28: WIRE | K28: 14W086CW.jpg
A29: HOOVER & STRONG | B29: 14KW 1.5MM X 1MM FLAT WIRE | C29: 14W1.5X1FW | D29: =Prices!$J$15 -> 190.7438 | F29: 10.8 | G29: ZD6FX4L3 | H29: Vault | I29: 14W1.5X1FW | J29: WIRE | K29: 14Y3.0FW.jpg
A30: LEACH GARNER-STERN METALS | B30: 14KW 1/8 BEZEL WIRE | C30: 14W1/8BW | D30: =Prices!$J$25 -> 209.81818 | F30: 3.07 | G30: ZF99WCC2 | H30: Vault | I30: 14W1/8BW | J30: WIRE | K30: SS1-4-125FW.jpg
A31: HOOVER & STRONG | B31: 14KW 2MM X 1MM FLAT WIRE | C31: 14W2X1FW | D31: =Prices!$J$15 -> 190.7438 | F31: 25.37 | G31: T4UJUAEK | H31: Vault | I31: 14W2X1FW | J31: WIRE
A32: HOOVER & STRONG | B32: 14KW 3MM X 1MM FLAT WIRE | C32: 14W3X1FW | D32: =Prices!$J$15 -> 190.7438 | F32: 38.66 | G32: 61AH9A9H | H32: Vault | I32: 14W3X1FW | J32: WIRE | K32: 14Y3.0FW.jpg
A33: HOOVER & STRONG | B33: 14KW 4MM X 30GA BEZEL WIRE | C33: 14W4.0BW | D33: =Prices!$J$25 -> 209.81818 | F33: 14.02 | G33: H6WRDXEK | H33: Vault | I33: 14W4.0BW | J33: WIRE | K33: 14W4MMBW.jpg
A34: HOOVER & STRONG | B34: 14KW 4MM ROUND WIRE | C34: 14W4.0RW | D34: =Prices!$J$15 -> 190.7438 | F34: 17.96 | G34: 3NNDQ82K | H34: Vault | I34: 14W4.0RW | J34: WIRE | K34: 14W160RSW_161223-145811.jpg
A35: HOOVER & STRONG | B35: 14KW 4MM X 2MM FLAT WIRE | C35: 14W4X2FW | D35: =Prices!$J$15 -> 190.7438 | F35: 6.82 | G35: HH64NHMN | H35: Vault | I35: 14W4X2FW | J35: WIRE
A36: HOOVER & STRONG | B36: 14KW 5MM X .010 BEZEL WIRE | C36: 14W5.0BW | D36: =Prices!$J$25 -> 209.81818 | F36: 16.17 | G36: 55CY4UPK | H36: Vault | I36: 14W5.0BW | J36: WIRE | K36: 14Y5.0FW.jpg
A37: HOOVER & STRONG | B37: 14KW 5MM X 1MM FLAT WIRE | C37: 14W5X1FW | D37: =Prices!$J$15 -> 190.7438 | F37: 21.71 | G37: AJA0DZ1V | H37: Vault | I37: 14W5X1FW | J37: WIRE
A38: HOOVER & STRONG | B38: 14KW PALLADIUM .040 ROUND SOFT WIRE | C38: 14WP040RSW | D38: =Prices!$J$13+3 -> 191.40816 | F38: 57.71 | G38: A60A3JUQ | H38: Vault | I38: 14WP040RSW | J38: WIRE
A39: HOOVER & STRONG | B39: 14KW PALLADIUM 4" X 2" X .040 FLAT SHEET | C39: 14WP040SH | D39: =Prices!$J$13+3 -> 191.40816 | F39: 46.74 | G39: 1A1P662N | H39: Vault | I39: 14WP040SH | J39: SHEET
A40: HOOVER & STRONG | B40: 14WPD 015 ROUND SOFT WIRE | C40: 14WPD015RW | D40: =Prices!$J$13+3 -> 191.40816 | F40: 1.63 | G40: VZHMR081 | H40: Vault | I40: 14WPD015RW | J40: WIRE
A41: HOOVER & STRONG | B41: 14KW PALLADIUM .018 ROUND WIRE | C41: 14WPD018RW | D41: =Prices!$J$13+3 -> 191.40816 | F41: 5.73 | G41: 8W13JXKL | H41: Vault | I41: 14WPD018RW | J41: WIRE | K41: 18W030RSW_170118-143859_170118-144035_170512-174049_170512-174810.jpg
A42: HOOVER & STRONG | B42: 14KW PALLADIUM .020 ROUND WIRE | C42: 14WPD020RW | D42: =Prices!$J$13+3 -> 191.40816 | F42: 79.53 | G42: FJREN39R | H42: Vault | I42: 14WPD020RW | J42: WIRE | K42: 18W030RSW_170118-143859_170118-144035_190125-202553_191204-142346_201021-134925_211005-181233_220502-182745.jpg
A43: LEACH GARNER-STERN METALS | B43: 14KY .038 CHANNEL WIRE | C43: 14Y038CW | D43: =Prices!$J$23 -> 196.42553 | F43: 130.12 | G43: NMWQJZ54 | H43: Vault | I43: 14Y038CW | J43: WIRE | K43: 14Y038CW_190501-133933.jpg
A44: LEACH GARNER-STERN METALS | B44: 14KY .050 ROUND WIRE | C44: 14Y050RW | D44: =Prices!$J$13 -> 188.40816 | F44: 113.44 | G44: E03DU87V | H44: Vault | I44: 14Y050RW | J44: WIRE | K44: 14Y050RSW_190515-184715_230222-184635.jpg
A45: LEACH GARNER-STERN METALS | B45: 14KY .050 EXTRA HARD ROUND WIRE | C45: 14Y050RXHW | D45: =Prices!$J$13 -> 188.40816 | F45: 84.72 | G45: FL43RFN4 | H45: Vault | I45: 14Y050RXHW | J45: WIRE | K45: 18Y040RSW_170320-142255_170320-142556_170320-142843.jpg
A46: LEACH GARNER-STERN METALS | B46: 14KY .052 CHANNEL WIRE | C46: 14Y052CW | D46: =Prices!$J$25 -> 209.81818 | F46: 37.54 | G46: PN1NXACL | H46: Vault | I46: 14Y052CW | J46: WIRE | K46: 14Y052CW.jpg
A47: LEACH GARNER-STERN METALS | B47: 14KY .056 CHANNEL WIRE | C47: 14Y056CW | D47: =Prices!$J$25 -> 209.81818 | F47: 0 | G47: FF1MCLLQ | I47: 14Y056CW | J47: WIRE | K47: 14Y056CW.jpg
A48: LEACH GARNER-STERN METALS | B48: 14KY .060 CHANNEL WIRE | C48: 14Y060CW | D48: =Prices!$J$25 -> 209.81818 | F48: 183.21 | G48: Y2HTYN5W | H48: Vault | I48: 14Y060CW | J48: WIRE | K48: 14Y060CW_180215-163733.jpg
A49: LEACH GARNER-STERN METALS | B49: 14KY .060 EXTRA HARD ROUND WIRE | C49: 14Y060RXHW | D49: =Prices!$J$13 -> 188.40816 | F49: 81.18 | G49: CAF87FR7 | H49: Vault | I49: 14Y060RXHW | J49: WIRE | K49: 18Y080RHW_161005-141547_161005-141843_161014-201637_161014-202044.jpg
A50: HOOVER & STRONG | B50: 14KW .080 EXTRA HARD ROUND WIRE | C50: 14Y080RXHW | D50: =Prices!$J$13 -> 188.40816 | F50: 22.95 | G50: KZXV1LTD | H50: Vault | I50: 14Y080RXHW | J50: WIRE | K50: 18Y080RHW_161005-141547_161005-141843_180221-193340_180420-133835.jpg
A51: LEACH GARNER-STERN METALS | B51: 14KY .086 CHANNEL WIRE -PATTERN#4414 | C51: 14Y086CW | D51: =Prices!$J$25 -> 209.81818 | F51: 287.77 | G51: 5PN03C40 | H51: Vault | I51: 14Y086CW | J51: WIRE | K51: 14Y086CW_161121-195101_170323-134340_171207-153604_180312-145903_180926-141421_181214-161127_190128-200700_190422-162452_191017-150605_210602-152347.jpg
A52: HOOVER & STRONG | B52: 14KY 1.5 X .040 FLAT WIRE | C52: 14Y1.5X.040FW | D52: =Prices!$J$15 -> 190.7438 | F52: 82.1 | G52: TQUR48WX | H52: Vault | I52: 14Y1.5X.040FW | J52: WIRE
A53: HOOVER & STRONG | B53: 14KY 1.5MM X 1MM FLAT WIRE | C53: 14Y1.5X1FW | D53: =Prices!$J$15 -> 190.7438 | F53: 11.03 | G53: Q5998KL8 | H53: Vault | I53: 14Y1.5X1FW | J53: WIRE | K53: 14Y3.0FW.jpg
A54: LEACH GARNER-STERN METALS | B54: 14KY 1/4 BEZEL WIRE | C54: 14Y1/4BW | D54: =Prices!$J$17 -> 190.7438 | F54: 80.57 | G54: 20X8RALA | H54: Vault | I54: 14Y1/4BW | J54: WIRE | K54: SS1-4-125FW_190923-195523.jpg
A55: LEACH GARNER-STERN METALS | B55: 14KY 1/8 X .010 FLAT BEZEL WIRE .100 X .125-#A0479 | C55: 14Y1/8BW | D55: =Prices!$J$17 -> 190.7438 | F55: 169.56 | G55: 15PJFANE | H55: Vault | I55: 14Y1/8BW | J55: WIRE | K55: SS1-4-125FW_220527-142748.jpg,SS1-4-125FW_171027-174252_190923-195701_220527-142848.jpg
A56: LEACH GARNER-STERN METALS | B56: 14KY .105 CHANNEL WIRE PATTERN#4415 | C56: 14Y105CW | D56: =Prices!$J$23 -> 196.42553 | F56: 182.11 | G56: 6CAL3W6W | H56: Vault | I56: 14Y105CW | J56: WIRE | K56: 14Y105CW_161121-194829_180622-193020_180928-184250_181101-153104_181214-160144.jpg
A57: HOOVER & STRONG | B57: 14KY 130MM X 27MM X 1MM FLAT SHEET | C57: 14Y130X27X1FW | D57: =Prices!$J$13 -> 188.40816 | F57: 28.13 | G57: CA2PCA3F | H57: Vault | I57: 14Y130X27X1FW | J57: WIRE
A58: M.S. COMPANY, INC. | B58: 14KY 2.0MM BEADED WIRE | C58: 14Y2BDW | D58: =Prices!$J$25 -> 209.81818 | F58: 8.87 | G58: DJ1P43UX | H58: Vault | I58: 14Y2BDW | J58: WIRE | K58: Screenshot2011-02-24at3.07.58PM_180802-141549.png
A59: HOOVER & STRONG | B59: 14KY 2MM X 1MM FLAT WIRE | C59: 14Y2x1FW | D59: =Prices!$J$15 -> 190.7438 | F59: 32.47 | G59: 0ZW5C467 | H59: Vault | I59: 14Y2x1FW | J59: WIRE
A60: HOOVER & STRONG | B60: 14KY 3.8MM X 3.2MM FLAT WIRE | C60: 14Y3.8X3.2FW | D60: =Prices!$J$15 -> 190.7438 | F60: 30.5 | G60: 5DN3P363 | H60: Vault | I60: 14Y3.8X3.2FW | J60: WIRE
A61: HOOVER & STRONG | B61: 14KY 3MM X 1MM FLAT WIRE | C61: 14Y3X1FW | D61: =Prices!$J$15 -> 190.7438 | F61: 61.33 | G61: E3NUJPUW | H61: Vault | I61: 14Y3X1FW | J61: WIRE
A62: HOOVER & STRONG | B62: 14KY 5MM X 1MM FLAT WIRE | C62: 14Y5X1FW | D62: =Prices!$J$15 -> 190.7438 | F62: 25.33 | G62: KTRL9XHQ | H62: Vault | I62: 14Y5X1FW | J62: WIRE
A63: HOOVER & STRONG | B63: 14KY 9MM X 1.25MM FLAT SHEET | C63: 14Y9X1.25FW | D63: =Prices!$J$13 -> 188.40816 | F63: 0 | G63: V6KUY6LC | I63: 14Y9X1.25FW | J63: SHEET
A64: HOOVER & STRONG | B64: 18KG .072 ROUND WIRE | C64: 18G072RW | D64: =Prices!$J$33 -> 231.9598 | F64: 8.29 | G64: 3NY0Q48F | H64: Vault | I64: 18G072RW | J64: WIRE
A65: LEACH GARNER-STERN METALS | B65: 18KG .080 CLAD ROUND WIRE | C65: 18G080CLAD | D65: =Prices!$J$33 -> 231.9598 | F65: 336.75 | G65: 3PHP1N8T | H65: Vault | I65: 18G080CLAD | J65: WIRE | K65: 18Y060RSW_170417-201607.jpg
A66: LEACH GARNER-STERN METALS | B66: 18KG .060 CLAD ROUND WIRE #7088 green spring hard | C66: 18KG060CLAD | D66: =Prices!$J$33 -> 231.9598 | F66: 28.69 | G66: QU58TQ45 | H66: Vault | I66: 18KG060CLAD | J66: WIRE | K66: 18Y060RSW_161121-201212_170404-195824.jpg
A67: LEACH GARNER-STERN METALS | B67: 18K SHEET CAN BE CUT TO SIZE | C67: 18KP | D67: =Prices!$J$33 -> 231.9598 | F67: 0 | G67: E2K6EW5P | I67: 18KP | J67: SHEET | K67: FLATSHEET.jpg
A68: LEACH GARNER-STERN METALS | B68: 18KP .060 CLAD ROUND WIRE | C68: 18KP060CLAD | D68: =Prices!$J$33 -> 231.9598 | F68: 13.78 | G68: VF006MFQ | H68: Vault | I68: 18KP060CLAD | J68: WIRE | K68: 18KP060CLAD.jpg
A69: LEACH GARNER-STERN METALS | B69: 18KP .038 CHANNEL WIRE | C69: 18P038CW | D69: =Prices!$J$37 -> 234.31472 | F69: 109.69 | G69: 43NR1LHX | H69: Vault | I69: 18P038CW | J69: WIRE | K69: 18P038CW.jpg
A70: HOOVER & STRONG | B70: 18KP 2.5MM X 1.25MM FLAT WIRE | C70: 18P2.5X1.25FW | D70: =Prices!$J$37 -> 234.31472 | F70: 0 | G70: FUFPQNK0 | I70: 18P2.5X1.25FW | J70: WIRE
A71: HOOVER & STRONG | B71: 18KP 2MM X 1MM FLAT WIRE | C71: 18P2X1FW | D71: =Prices!$J$37 -> 234.31472 | F71: 10.23 | G71: 75MDEJF2 | H71: Vault | I71: 18P2X1FW | J71: WIRE | K71: FLAT WIRE_170421-132521_170421-132919_170601-173637_170602-145300_170615-144439.jpg
A72: HOOVER & STRONG | B72: 18KP 3MM X 2MM FLAT WIRE | C72: 18P3X2FW | D72: =Prices!$J$37 -> 234.31472 | F72: 3.04 | G72: DUFDTPLQ | H72: Vault | I72: 18P3X2FW | J72: WIRE | K72: 18W100RW.jpg
A73: HOOVER & STRONG | B73: 18KP 5MM X 1.5MM FLAT WIRE | C73: 18P5X1.5FW | D73: =Prices!$J$37 -> 234.31472 | F73: 9.47 | G73: T4WUCRE3 | H73: Vault | I73: 18P5X1.5FW | J73: WIRE
A74: HOOVER & STRONG | B74: 18KP 5MM X 2MM FLAT WIRE | C74: 18P5X2FW | D74: =Prices!$J$37 -> 234.31472 | F74: 15.14 | G74: YTZVMUJT | H74: Vault | I74: 18P5X2FW | J74: WIRE
A75: HOOVER & STRONG | B75: 18KP 9MM X .040 FLAT WIRE | C75: 18P9.0MMFW | D75: =Prices!$J$37 -> 234.31472 | F75: 13.62 | G75: 98VCVWMD | H75: Vault | I75: 18P9.0MMFW | J75: WIRE
A76: HOOVER & STRONG | B76: 18KP 9X2MM FLAT WIRE | C76: 18P9X2FW | D76: =Prices!$J$37 -> 234.31472 | F76: 15.82 | G76: UXQQCZUY | H76: Vault | I76: 18P9X2FW | J76: WIRE
A77: LEACH GARNER-STERN METALS | B77: 18KP FLAT BEZEL WIRE | C77: 18PFBW | D77: =Prices!$J$37 -> 234.31472 | F77: 0 | G77: KT0U079K | I77: 18PFBW | J77: WIRE | K77: SS1-4-125FW.jpg
A78: HOOVER & STRONG | B78: 14KW .030 HARD ROUND WIRE | C78: 18W030RHW | D78: =Prices!$J$13 -> 188.40816 | F78: 18.78 | G78: 09P87VWR | H78: Vault | I78: 18W030RHW | J78: WIRE
A79: LEACH GARNER-STERN METALS | B79: 18KW .038 CHANNEL WIRE pattern#4426 item#c0680 | C79: 18W038CW | D79: =Prices!$J$37 -> 234.31472 | F79: 44.08 | G79: UPAP4WUW | H79: Vault | I79: 18W038CW | J79: WIRE | K79: 18W038CW.jpg
A80: LEACH GARNER-STERN METALS | B80: 18KW 045 CHANEL WIRE | C80: 18W045CW | D80: =Prices!$J$37 -> 234.31472 | F80: 10.17 | G80: DW16J68V | H80: Vault | I80: 18W045CW | J80: WIRE | K80: 18P038CW.jpg
A81: LEACH GARNER-STERN METALS | B81: 18KW .086 CHANNEL WIRE | C81: 18W086CW | D81: =Prices!$J$37 -> 234.31472 | F81: 0 | G81: 6MUDLRZW | I81: 18W086CW | J81: WIRE | K81: 18W086CW.jpg
A82: LEACH GARNER-STERN METALS | B82: 18KW .105 CHANNEL WIRE | C82: 18W105CW | D82: =Prices!$J$37 -> 234.31472 | F82: 9.38 | G82: CWJXDQZX | H82: Vault | I82: 18W105CW | J82: WIRE
A83: HOOVER & STRONG | B83: 18KW 2.5MM X 24GA BEZEL WIRE | C83: 18W2.5BZW | D83: =Prices!$J$37 -> 234.31472 | F83: 8.08 | G83: 8FW2ELRX | H83: Vault | I83: 18W2.5BZW | J83: WIRE
A84: HOOVER & STRONG | B84: 18KW 2.5MM X 1MM FLAT WIRE | C84: 18W2.5X1FW | D84: =Prices!$J$37 -> 234.31472 | F84: 11.66 | G84: J3QNMH79 | H84: Vault | I84: 18W2.5X1FW | J84: WIRE
A85: HOOVER & STRONG | B85: 18KW 2MM X 1MM FLAT WIRE | C85: 18W2X1FW | D85: =Prices!$J$37 -> 234.31472 | F85: 17.77 | G85: 30TEKD3P | H85: Vault | I85: 18W2X1FW | J85: WIRE | K85: FLAT WIRE_170421-132521_170421-132919_170601-173637.jpg
A86: HOOVER & STRONG | B86: 18KW 3MM X 2MM FLAT WIRE | C86: 18W3X2FW | D86: =Prices!$J$37 -> 234.31472 | F86: 35.64 | G86: KXLU5KM8 | H86: Vault | I86: 18W3X2FW | J86: WIRE
A87: HOOVER & STRONG | B87: 18KW 4.5MM X .4MM FLAT WIRE | C87: 18W4.5X.4FW | D87: =Prices!$J$37 -> 234.31472 | F87: 0 | G87: ARN2NLR7 | I87: 18W4.5X.4FW | J87: WIRE
A88: HOOVER & STRONG | B88: 18KW GOLD 4.5MM X 4MM FLAT WIRE | C88: 18W4.5X4FW | D88: =Prices!$J$37 -> 234.31472 | F88: 3.7 | G88: 3C1DMQN3 | H88: Vault | I88: 18W4.5X4FW | J88: WIRE
A89: HOOVER & STRONG | B89: 18KW 4MM X .63MM FLAT WIRE | C89: 18W4X.63FW | D89: =Prices!$J$37 -> 234.31472 | F89: 54.43 | G89: PWA95X90 | H89: Vault | I89: 18W4X.63FW | J89: WIRE
A90: HOOVER & STRONG | B90: 18KW 6MM X .5MM FLAT WIRE | C90: 18W6.0FW | D90: =Prices!$J$37 -> 234.31472 | F90: 19.1 | G90: 2CR7AW4F | H90: Vault | I90: 18W6.0FW | J90: WIRE | K90: 18W6.0FW.jpg
A91: HOOVER & STRONG | B91: 18KW 6MM X 3MM FLAT WIRE | C91: 18W6X2W | D91: =Prices!$J$37 -> 234.31472 | F91: 27.23 | G91: 5CT4Z15J | H91: Vault | I91: 18W6X2W | J91: SHEET | K91: 18W6X3W_170601-174222_170601-174356.jpg
A92: LEACH GARNER-STERN METALS | B92: 18KW 6mm X 3mm flat stock | C92: 18W6X3W | D92: =Prices!$J$37 -> 234.31472 | F92: 0 | G92: YKNDP3EQ | I92: 18W6X3W | J92: SHEET | K92: 18W6X3W.jpg
A93: HOOVER & STRONG | B93: 18KW PALLADIUM .080 ROUND WIRE | C93: 18WP080RW | D93: =Prices!$J$33+3 -> 234.9598 | F93: 28.02 | G93: 2VPVEDT5 | H93: Vault | I93: 18WP080RW | J93: WIRE
A94: LEACH GARNER-STERN METALS | B94: 18KW PALLADIUM .100 ROUND WIRE | C94: 18WP100RW | D94: =Prices!$J$33+3 -> 234.9598 | F94: 236 | G94: W6F1HRDM | H94: Vault | I94: 18WP100RW | J94: WIRE | K94: 18Y060RSW_170824-190456_171120-213011_190313-131432_190820-133700.jpg
A95: HOOVER & STRONG | B95: 18KW PALLADIUM .160 ROUND WIRE | C95: 18WP160RW | D95: =Prices!$J$33+3 -> 234.9598 | F95: 99.51 | G95: J3EJDXJ9 | H95: Vault | I95: 18WP160RW | J95: WIRE
A96: HOOVER & STRONG | B96: 18KW PALLADIUM 6MM X 3MM FLAT WIRE | C96: 18WP6X3FW | D96: =Prices!$J$33+3 -> 234.9598 | F96: 16.5 | G96: 0ETAKT4C | H96: Vault | I96: 18WP6X3FW | J96: WIRE
A97: HOOVER & STRONG | B97: 18KW PALLADIUM .015 ROUND WIRE | C97: 18WPD015RW | D97: =Prices!$J$33+3 -> 234.9598 | F97: 11.15 | G97: 8RRVRY6T | H97: Vault | I97: 18WPD015RW | J97: WIRE | K97: 18W030RSW.jpg
A98: HOOVER & STRONG | B98: 18KW PALLADIUM .018 ROUND WIRE | C98: 18WPD018RW | D98: =Prices!$J$33+3 -> 234.9598 | F98: 19.33 | G98: 8651J42T | H98: Vault | I98: 18WPD018RW | J98: WIRE | K98: 18W030RSW_170717-145116_170717-145606.jpg
A99: HOOVER & STRONG | B99: 18KW PALLADIUM .020 ROUND WIRE | C99: 18WPD020RW | D99: =Prices!$J$33+3 -> 234.9598 | F99: 31.92 | G99: ACY37FLL | H99: Vault | I99: 18WPD020RW | J99: WIRE | K99: 18W030RSW_211001-162747.jpg
A100: HOOVER & STRONG | B100: 18KW PALLADIUM .025 ROUND WIRE | C100: 18WPD025RW | D100: =Prices!$J$33+3 -> 234.9598 | F100: 27.8 | G100: UHC7CVVC | H100: Vault | I100: 18WPD025RW | J100: WIRE | K100: 18W030RSW_171122-153218.jpg
...
